Metric,Value
silhouette_before,0.24505206942558289
silhouette_after,0.3256337344646454
db_before,1.3501612400558392
db_after,1.0658290510640234
intra_mean_before,0.9907146692276001
inter_mean_before,0.7385903596878052
intra_mean_after,0.9503398537635803
inter_mean_after,0.5363517999649048
intra_gain,-0.040374815464019775
inter_change,-0.2022385597229004
intra_t_stat,-816.3063909903976
intra_p_val,0.0
