Metric,Value
silhouette_before,0.360262930393219
silhouette_after,0.35984188318252563
db_before,0.9447694771301981
db_after,0.9375591527419477
intra_mean_before,0.9998338222503662
inter_mean_before,0.996046781539917
intra_mean_after,0.9998108744621277
inter_mean_after,0.9952763915061951
intra_gain,-2.294778823852539e-05
inter_change,-0.0007703900337219238
intra_t_stat,-79.17325980745008
intra_p_val,0.000000e+00
