Metric,Value
silhouette_before,0.2918640971183777
silhouette_after,0.38211968541145325
db_before,1.233918859398152
db_after,0.892756392190543
intra_mean_before,0.9998685121536255
inter_mean_before,0.99317866563797
intra_mean_after,0.9538590312004089
inter_mean_after,0.617125928401947
intra_gain,-0.04600948095321655
inter_change,-0.37605273723602295
intra_t_stat,-655.5579157619031
intra_p_val,0
