Metric,Value
silhouette_before,0.3279739320278168
silhouette_after,0.3324054777622223
db_before,1.0326114461978562
db_after,1.021995604436442
intra_mean_before,0.9964368939399719
inter_mean_before,0.8452451825141907
intra_mean_after,0.9953460097312927
inter_mean_after,0.8158442378044128
intra_gain,-0.0010908842086791992
inter_change,-0.029400944709777832
intra_t_stat,-794.2923028111111
intra_p_val,0.0
