Metric,Value
silhouette_before,0.46635890007019043
silhouette_after,0.48401951789855957
db_before,0.8012091016932097
db_after,0.7751469776633226
intra_mean_before,0.9998206496238708
inter_mean_before,0.987989068031311
intra_mean_after,0.9998900890350342
inter_mean_after,0.9913261532783508
intra_gain,6.943941116333008e-05
inter_change,0.003337085247039795
intra_t_stat,260.66460259165626
intra_p_val,0.000000e+00
