Metric,Value
silhouette_before,0.23329810798168182
silhouette_after,0.5674187541007996
db_before,1.7978254914044087
db_after,0.6376063246893439
intra_mean_before,0.9997326135635376
inter_mean_before,0.9930240511894226
intra_mean_after,0.9942941665649414
inter_mean_after,0.5670014023780823
intra_gain,-0.005438446998596191
inter_change,-0.42602264881134033
intra_t_stat,-708.3284249621605
intra_p_val,0.000000e+00
