Metric,Value
silhouette_before,0.325494647026062
silhouette_after,0.35832029581069946
db_before,1.009053883349273
db_after,0.9162117355334781
intra_mean_before,0.9996904730796814
inter_mean_before,0.9808128476142883
intra_mean_after,0.9992908835411072
inter_mean_after,0.9354671239852905
intra_gain,-0.00039958953857421875
inter_change,-0.0453457236289978
intra_t_stat,-572.1410180941758
intra_p_val,0.0
