Metric,Value
silhouette_before,0.5096321702003479
silhouette_after,0.5072582364082336
db_before,0.7123411204042079
db_after,0.7153892761063418
intra_mean_before,0.9998824596405029
inter_mean_before,0.989170491695404
intra_mean_after,0.9998794198036194
inter_mean_after,0.9889287352561951
intra_gain,-3.039836883544922e-06
inter_change,-0.00024175643920898438
intra_t_stat,-16.49827766255078
intra_p_val,3.793040e-61
