Metric,Value
silhouette_before,0.39460811018943787
silhouette_after,0.39704644680023193
db_before,0.8708745826586736
db_after,0.862933949430237
intra_mean_before,0.9994435906410217
inter_mean_before,0.9506860971450806
intra_mean_after,0.9992870092391968
inter_mean_after,0.9350965619087219
intra_gain,-0.00015658140182495117
inter_change,-0.015589535236358643
intra_t_stat,-697.5309919825073
intra_p_val,0.0
