Metric,Value
silhouette_before,0.32307887077331543
silhouette_after,0.3586158752441406
db_before,1.0519566940012905
db_after,0.9868444945512524
intra_mean_before,0.999473512172699
inter_mean_before,0.9876737594604492
intra_mean_after,0.9519460797309875
inter_mean_after,0.5242213010787964
intra_gain,-0.047527432441711426
inter_change,-0.46345245838165283
intra_t_stat,-674.5726504941098
intra_p_val,0.000000e+00
