Metric,Value
silhouette_before,0.26314881443977356
silhouette_after,0.3975418210029602
db_before,1.1957300862929219
db_after,0.9291356230197239
intra_mean_before,0.9997588992118835
inter_mean_before,0.9944548010826111
intra_mean_after,0.9492894411087036
inter_mean_after,0.4370022714138031
intra_gain,-0.05046945810317993
inter_change,-0.557452529668808
intra_t_stat,-696.6851577150327
intra_p_val,0
