Metric,Value
silhouette_before,0.2582333981990814
silhouette_after,0.3345034122467041
db_before,1.4575704557063576
db_after,1.0254398438122765
intra_mean_before,0.9932243227958679
inter_mean_before,0.8669241070747375
intra_mean_after,0.9344444870948792
inter_mean_after,0.64415442943573
intra_gain,-0.05877983570098877
inter_change,-0.22276967763900757
intra_t_stat,-485.31129413299146
intra_p_val,0.0
