Metric,Value
silhouette_before,0.29856598377227783
silhouette_after,0.347969114780426
db_before,1.0955904756302772
db_after,0.9820874140360578
intra_mean_before,0.9991027116775513
inter_mean_before,0.9628278613090515
intra_mean_after,0.981712818145752
inter_mean_after,0.5524381399154663
intra_gain,-0.017389893531799316
inter_change,-0.4103897213935852
intra_t_stat,-805.8668921534338
intra_p_val,0.0
