Metric,Value
silhouette_before,0.46657392382621765
silhouette_after,0.46723803877830505
db_before,0.7619910303773965
db_after,0.761967950875574
intra_mean_before,0.9980090856552124
inter_mean_before,0.9420354962348938
intra_mean_after,0.9980239272117615
inter_mean_after,0.9413678050041199
intra_gain,1.4841556549072266e-05
inter_change,-0.0006676912307739258
intra_t_stat,1.548530674305668
intra_p_val,1.214947e-01
