Metric,Value
silhouette_before,0.3502187728881836
silhouette_after,0.3497081995010376
db_before,0.9360979329023768
db_after,0.936822462853195
intra_mean_before,0.9994034767150879
inter_mean_before,0.9843080639839172
intra_mean_after,0.9993865489959717
inter_mean_after,0.9837129712104797
intra_gain,-1.6927719116210938e-05
inter_change,-0.0005950927734375
intra_t_stat,-740.0666057493232
intra_p_val,0.0
