Metric,Value
silhouette_before,0.45984670519828796
silhouette_after,0.46464791893959045
db_before,0.7963765450717297
db_after,0.7985084913242397
intra_mean_before,0.999739944934845
inter_mean_before,0.9892474412918091
intra_mean_after,0.999740481376648
inter_mean_after,0.9857403635978699
intra_gain,5.364418029785156e-07
inter_change,-0.003507077693939209
intra_t_stat,0.9584301375790071
intra_p_val,3.378460e-01
