Metric,Value
silhouette_before,0.4614604413509369
silhouette_after,0.47174474596977234
db_before,0.7452300679723739
db_after,0.7287758628736581
intra_mean_before,0.9999222159385681
inter_mean_before,0.9907950758934021
intra_mean_after,0.9999281764030457
inter_mean_after,0.9902791976928711
intra_gain,5.9604644775390625e-06
inter_change,-0.0005158782005310059
intra_t_stat,42.09445885423115
intra_p_val,0.000000e+00
