Metric,Value
silhouette_before,0.33878612518310547
silhouette_after,0.35049691796302795
db_before,0.9707984546136541
db_after,0.9442445499392023
intra_mean_before,0.9998664259910583
inter_mean_before,0.992070734500885
intra_mean_after,0.999770998954773
inter_mean_after,0.9837964177131653
intra_gain,-9.542703628540039e-05
inter_change,-0.008274316787719727
intra_t_stat,-645.0477602214886
intra_p_val,0.0
