Metric,Value
silhouette_before,0.35276180505752563
silhouette_after,0.3536383807659149
db_before,0.9488285514162073
db_after,0.9454830568511565
intra_mean_before,0.9996766448020935
inter_mean_before,0.9846557974815369
intra_mean_after,0.9995672702789307
inter_mean_after,0.9780758023262024
intra_gain,-0.0001093745231628418
inter_change,-0.006579995155334473
intra_t_stat,-165.71339518586183
intra_p_val,0.000000e+00
