Metric,Value
silhouette_before,0.5200992226600647
silhouette_after,0.5299586653709412
db_before,0.7037304290850271
db_after,0.6868053283369264
intra_mean_before,0.9998854994773865
inter_mean_before,0.993614912033081
intra_mean_after,0.9999237060546875
inter_mean_after,0.9954869151115417
intra_gain,3.820657730102539e-05
inter_change,0.0018720030784606934
intra_t_stat,480.94339221175295
intra_p_val,0.0
