Metric,Value
silhouette_before,0.3399510979652405
silhouette_after,0.35095342993736267
db_before,1.0650343099225308
db_after,1.0678955556942589
intra_mean_before,0.9987301230430603
inter_mean_before,0.9345964789390564
intra_mean_after,0.9982508420944214
inter_mean_after,0.8992037773132324
intra_gain,-0.000479280948638916
inter_change,-0.035392701625823975
intra_t_stat,-591.9943328261107
intra_p_val,0.000000e+00
