Metric,Value
silhouette_before,0.2982519865036011
silhouette_after,0.3418266773223877
db_before,1.0669983852263458
db_after,0.9442118783247224
intra_mean_before,0.9998183250427246
inter_mean_before,0.9939476847648621
intra_mean_after,0.9984308481216431
inter_mean_after,0.9376475811004639
intra_gain,-0.001387476921081543
inter_change,-0.05630010366439819
intra_t_stat,-874.4894217673829
intra_p_val,0.000000e+00
