Metric,Value
silhouette_before,0.18605323135852814
silhouette_after,0.5601929426193237
db_before,2.0913057254005625
db_after,0.7544903113979177
intra_mean_before,0.9996088743209839
inter_mean_before,0.9886510372161865
intra_mean_after,0.9883739948272705
inter_mean_after,0.2141331285238266
intra_gain,-0.011234879493713379
inter_change,-0.7745179086923599
intra_t_stat,-534.68866930399
intra_p_val,0.000000e+00
